{"stats":{"minecraft:custom":{"minecraft:jump":90,"minecraft:time_since_rest":714,"minecraft:leave_game":1,"minecraft:crouch_one_cm":250,"minecraft:deaths":1,"minecraft:sprint_one_cm":14628,"minecraft:play_time":3007,"minecraft:damage_taken":220,"minecraft:time_since_death":0,"minecraft:walk_one_cm":2110,"minecraft:sneak_time":86,"minecraft:total_world_time":3007,"minecraft:fall_one_cm":3448,"minecraft:fly_one_cm":19009},"minecraft:mined":{"minecraft:grass":3,"minecraft:fire":21,"minecraft:acacia_leaves":5}},"DataVersion":3465}