{"stats":{"minecraft:picked_up":{"minecraft:chicken":1,"minecraft:feather":2,"minecraft:bone":3,"minecraft:arrow":5,"minecraft:rotten_flesh":3,"minecraft:leather":4,"minecraft:netherite_sword":3,"minecraft:porkchop":5,"minecraft:beef":7,"minecraft:gunpowder":1,"minecraft:string":2},"minecraft:dropped":{"minecraft:leather":4,"minecraft:arrow":2,"minecraft:beef":7,"minecraft:netherite_sword":3},"minecraft:custom":{"minecraft:time_since_rest":16933,"minecraft:crouch_one_cm":255,"minecraft:deaths":1,"minecraft:sprint_one_cm":37069,"minecraft:play_time":19226,"minecraft:walk_one_cm":11380,"minecraft:damage_taken":240,"minecraft:sneak_time":284,"minecraft:mob_kills":16,"minecraft:drop":14,"minecraft:jump":267,"minecraft:damage_dealt":2200,"minecraft:leave_game":2,"minecraft:time_since_death":16148,"minecraft:total_world_time":19226,"minecraft:fall_one_cm":3852,"minecraft:fly_one_cm":170504},"minecraft:used":{"minecraft:netherite_sword":31,"minecraft:porkchop":3},"minecraft:killed":{"minecraft:skeleton":3,"minecraft:pig":5,"minecraft:villager":1,"minecraft:chicken":1,"minecraft:creeper":2,"minecraft:cow":3,"minecraft:spider":1},"minecraft:mined":{"minecraft:grass":3,"minecraft:acacia_leaves":5,"minecraft:fire":21}},"DataVersion":3465}