{"stats":{"minecraft:picked_up":{"minecraft:arrow":2,"minecraft:rotten_flesh":3,"minecraft:leather":4,"minecraft:netherite_sword":3,"minecraft:porkchop":1,"minecraft:beef":7},"minecraft:dropped":{"minecraft:leather":4,"minecraft:arrow":2,"minecraft:beef":7,"minecraft:netherite_sword":3},"minecraft:custom":{"minecraft:time_since_rest":8303,"minecraft:crouch_one_cm":255,"minecraft:deaths":1,"minecraft:sprint_one_cm":30633,"minecraft:play_time":10596,"minecraft:walk_one_cm":8298,"minecraft:damage_taken":240,"minecraft:sneak_time":282,"minecraft:mob_kills":7,"minecraft:drop":14,"minecraft:jump":219,"minecraft:damage_dealt":1000,"minecraft:leave_game":1,"minecraft:time_since_death":7518,"minecraft:total_world_time":10596,"minecraft:fall_one_cm":3852,"minecraft:fly_one_cm":158799},"minecraft:used":{"minecraft:netherite_sword":15,"minecraft:porkchop":3},"minecraft:killed":{"minecraft:skeleton":1,"minecraft:pig":1,"minecraft:villager":1,"minecraft:creeper":1,"minecraft:cow":3},"minecraft:mined":{"minecraft:grass":3,"minecraft:acacia_leaves":5,"minecraft:fire":21}},"DataVersion":3465}